<?xml version="1.0" encoding="UTF-8"?>
<project-private xmlns="http://www.netbeans.org/ns/project-private/1">
    <editor-bookmarks xmlns="http://www.netbeans.org/ns/editor-bookmarks/2" lastBookmarkId="0"/>
    <open-files xmlns="http://www.netbeans.org/ns/projectui-open-files/2">
        <group>
            <file>file:/C:/wamp64/www/finalProject/css/bootstrap.css</file>
            <file>file:/C:/wamp64/www/finalProject/cart-remove.php</file>
            <file>file:/C:/wamp64/www/finalProject/cart.php</file>
            <file>file:/C:/wamp64/www/finalProject/index.php</file>
            <file>file:/C:/wamp64/www/finalProject/signup.php</file>
            <file>file:/C:/wamp64/www/finalProject/js/bootstrap.js</file>
            <file>file:/C:/wamp64/www/finalProject/js/bootstrap.min.js</file>
        </group>
    </open-files>
</project-private>
